#{"t_start": 1715181253.7454271, "env_id": "ALE/AirRaid-v5"}
r,l,t
1100.0,856,232.179635
250.0,377,290.540936
550.0,574,306.072936
275.0,277,317.557938
275.0,306,325.738936
250.0,325,334.619936
