#{"t_start": 1715181774.0521536, "env_id": "ALE/AirRaid-v5"}
r,l,t
150.0,164,1.339807
100.0,158,2.132803
